group,lecture_type,practice_type,n_participants,mean_correct_out_of_3,sd_correct_out_of_3,mean_pct_correct,sd_pct_correct,mean_intended_delta_r,sd_intended_delta_r,mean_abs_delta_slope,sd_abs_delta_slope,mean_reached_negative_r
CC,Control,Control,20,2.25,0.7863975156570492,0.75,0.2621325052190164,0.12049333333333333,0.1630893338952899,0.25277166666666667,0.16150219569235055,0.2
CP,Control,PlotWise,20,1.95,0.6048053188292994,0.65,0.2016017729430998,0.07965333333333333,0.13752478624018785,0.18947833333333333,0.13961442823066475,0.15
PC,PlotWise,Control,20,2.2,0.8335087534664909,0.7333333333333333,0.27783625115549687,0.1644,0.18918626453857182,0.245115,0.13089418183854196,0.20000000000000004
PP,PlotWise,PlotWise,20,2.55,0.6048053188292996,0.85,0.20160177294309978,0.19275499999999998,0.1260964140893738,0.21681,0.10324344822960525,0.25
